<?xml version="1.0" encoding="UTF-8"?>
<!DOCTYPE plist PUBLIC "-//Apple//DTD PLIST 1.0//EN" "http://www.apple.com/DTDs/PropertyList-1.0.dtd">
<plist version="1.0">
<dict>
    <key>CFBundleDevelopmentRegion</key>
    <string>en</string>
    <key>CFBundleDisplayName</key>
    <string>${app.name}</string>
    <key>CFBundleExecutable</key>
    <string>${app.executable}</string>
    <key>CFBundleIdentifier</key>
    <string>${app.id}</string>
    <key>CFBundleInfoDictionaryVersion</key>
    <string>6.0</string>
    <key>CFBundleName</key>
    <string>${app.name}</string>
    <key>CFBundlePackageType</key>
    <string>APPL</string>
    <key>CFBundleShortVersionString</key>
    <string>${app.version}</string>
    <key>CFBundleSignature</key>
    <string>????</string>
    <key>CFBundleVersion</key>
    <string>${app.build}</string>
    <key>LSRequiresIPhoneOS</key>
    <true/>
    <key>UIViewControllerBasedStatusBarAppearance</key>
    <false/>
    <key>UIStatusBarHidden</key>
    <true/>
    <key>MinimumOSVersion</key>
    <string>9.0</string>
    <key>UIDeviceFamily</key>
    <array>
        <integer>1</integer>
        <integer>2</integer>
    </array>
    <key>UIRequiredDeviceCapabilities</key>
    <array>
        <string>opengles-2</string>
    </array>
    <key>UISupportedInterfaceOrientations</key>
    <array>
        <string>UIInterfaceOrientationPortrait</string>
        <string>UIInterfaceOrientationPortraitUpsideDown</string>
        <string>UIInterfaceOrientationLandscapeLeft</string>
        <string>UIInterfaceOrientationLandscapeRight</string>
    </array>
    <key>UILaunchStoryboardName</key>
    <string>LaunchScreen</string>
    <key>CFBundleIconName</key>
    <string>AppIcon</string>
</dict>
</plist>
